Code Fragments,phenotype,Fitness,Accuracy,Numerosity,Avg Match Set Size,TimeStamp GA,Iteration Initialized,Specificity,Deletion Probability,Correct Count,Match Count,Epoch Complete
[dc][dc][D5 D1 nand][D4 ~ D0 &][dc][dc],0.0,1.0,1.0,3,73.21660262645514,99992,46309,0.3333333333333333,0.004360815288346911,9474,9474,True
[dc][D4 D5 & D5 |][D5 D1 nand][D4 ~ D0 &][dc][dc],0.0,1.0,1.0,4,63.1057218276859,99982,59235,0.5,0.0050114752967046405,3197,3197,True
[dc][dc][D0 D1 | ~][D2 D2 nand D1 nor][dc][dc],1.0,1.0,1.0,5,77.18379321698833,99999,62541,0.3333333333333333,0.007661838376341896,4406,4406,True
[D1 D2 | ~][dc][dc][dc][D4 D0 nand][dc],0.0,1.0,1.0,6,88.7850469936042,99982,67495,0.3333333333333333,0.010576158314300458,5097,5097,True
[dc][dc][D5 D0 D5 nor nor][dc][D1 D1 | D4 ~ |][dc],0.0,1.0,1.0,2,82.12170346830685,99992,70013,0.3333333333333333,0.0032608048552117733,5291,5291,True
[dc][dc][D1 D0 nand][D4 ~ D0 &][dc][dc],0.0,1.0,1.0,4,63.10124373421672,99982,71188,0.3333333333333333,0.005011119673567037,3389,3389,True
[D0 D3 nor][D1 D0 |][dc][dc][dc][dc],0.0,1.0,1.0,4,54.631403673945364,99962,76553,0.3333333333333333,0.00433849613009515,2759,2759,True
[D0 D3 nor][dc][D1 D5 ~ |][dc][dc][dc],0.0,1.0,1.0,2,67.9151437719413,99962,77675,0.3333333333333333,0.002696705270360337,3503,3503,True
[D2 D0 | D1 ~ &][dc][D0 D1 | ~][dc][dc][dc],1.0,1.0,1.0,5,77.18379321698833,99999,79922,0.3333333333333333,0.007661838376341896,2363,2363,True
[dc][D4 D1 nand D0 |][D5 D0 D0 nand nor][dc][D1 D1 | D4 ~ |][dc],0.0,1.0,1.0,1,82.12170346830685,99992,81896,0.5,0.0016304024276058867,3194,3194,True
[D0 D3 nor][dc][D1 D5 ~ |][D4 D2 | D0 ~ |][dc][dc],0.0,1.0,1.0,2,67.9151437719413,99962,82877,0.5,0.002696705270360337,2687,2687,True
[D0 D3 nor][dc][dc][D1 D0 nor D0 D0 nor |][D1 D3 |][dc],0.0,1.0,1.0,1,54.631403673945364,99962,83387,0.5,0.0010846240325237874,1955,1955,True
[dc][dc][dc][D0 ~ D5 |][dc][D4 D0 &],1.0,1.0,1.0,3,100.65906955887492,99981,84171,0.3333333333333333,0.005995301525838762,2173,2173,True
[D1 ~][dc][D2 ~ D0 |][D4 ~ D0 &][dc][dc],0.0,1.0,1.0,4,63.10124373421672,99982,85041,0.5,0.005011119673567037,1760,1760,True
[D2 D0 | D1 ~ &][dc][D0 D1 | ~][D2 D2 nand D1 nor][dc][dc],1.0,1.0,1.0,4,77.18379321698833,99999,85124,0.5,0.006129470701073517,1751,1751,True
[dc][dc][dc][D2 D2 nand D1 nor][D4 D1 nor ~][dc],1.0,1.0,1.0,2,63.09092758149478,99969,85139,0.3333333333333333,0.002505150213511446,1747,1747,True
[dc][dc][D4 D1 |][D1 D5 ~ nand][dc][D4 D0 &],1.0,1.0,1.0,3,86.64235951927847,99981,85650,0.5,0.005160459683410637,3096,3096,True
[D1 D2 | ~][dc][dc][dc][D4 D0 nand][D2 D5 nor ~],0.0,1.0,1.0,1,85.54538258554524,99982,85753,0.5,0.0016983744070990217,1117,1117,True
[dc][D2 D0 nand][D2 D0 D1 | nor][dc][D4 D0 nand][dc],0.0,1.0,1.0,1,92.83450110013449,99959,86699,0.5,0.0018430888494373955,1303,1303,True
[dc][dc][D5 D0 D0 nand nor][dc][dc][D0 D3 nor D1 |],0.0,1.0,1.0,2,90.64778905691148,99992,86945,0.3333333333333333,0.003599349967028684,1791,1791,True
[D0 D3 nor][D1 D0 |][dc][D5 D4 |][dc][dc],0.0,1.0,1.0,3,57.449074195729104,99962,87263,0.5,0.0034216938790818745,999,999,True
[D0 D3 nor D2 nor][D1 D2 | D3 D5 | |][D5 D0 D0 nand nor][dc][dc][D0 D3 nor D1 |],0.0,1.0,1.0,1,94.71599289666304,99992,88016,0.6666666666666666,0.003760886056422795,704,704,True
[dc][dc][D3 D1 &][D0 ~ D5 |][D1 D5 nor ~][dc],1.0,1.0,1.0,2,96.0401368876632,99997,88241,0.5,0.0038134638156812734,2535,2535,True
[dc][dc][D2 D0 D1 | nor][dc][D4 D0 nand][dc],0.0,1.0,1.0,4,92.83450110013449,99959,88315,0.3333333333333333,0.007372355397749582,1145,1145,True
[dc][dc][D5 ~ D4 D3 & nand][dc][dc][D4 D0 &],1.0,0.8179508890770534,0.8179508890770534,1,91.22616131736466,99981,89044,0.3333333333333333,0.0018111576914670172,1932,2362,True
[D0 D3 nor][D5 D0 |][D1 D5 ~ |][dc][dc][D1 D2 &],0.0,1.0,1.0,1,69.34974915173038,99962,89711,0.6666666666666666,0.0013768345588992406,403,403,True
[D0 D3 nor][dc][dc][dc][D1 D3 |][D0 ~],0.0,1.0,1.0,1,54.631403673945364,99962,89762,0.5,0.0010846240325237874,1205,1205,True
[D3 ~ ~][D4 D0 | D1 D3 nand nand][dc][D0 ~ D5 |][dc][dc],1.0,1.0,1.0,3,93.86068539251025,99999,89846,0.5,0.005590386567410651,2589,2589,True
[D3 ~ ~][dc][D3 D1 &][D0 D2 D1 nand nor][D1 D5 nor ~][dc],1.0,1.0,1.0,2,92.59753627549262,99997,89873,0.6666666666666666,0.003676768541270007,595,595,True
[D0 D3 nor][dc][D1 D2 & D1 |][dc][D5 D1 nand D2 ~ nand][D1 D5 |],0.0,1.0,1.0,1,59.27718863855156,99962,89966,0.6666666666666666,0.001176859078370737,787,787,True
[dc][dc][dc][D1 D5 ~ nand][D0 D4 D1 nor |][D4 D0 &],1.0,1.0,1.0,3,86.64235951927847,99981,90546,0.5,0.005160459683410637,2040,2040,True
[D0 D3 nor][dc][D1 D5 ~ |][D3 D3 ~ |][dc][dc],0.0,1.0,1.0,2,67.9151437719413,99962,90680,0.5,0.002696705270360337,1463,1463,True
[D0 D3 nor][D1 D0 |][D2 D5 nor ~][D3 D3 ~ |][dc][dc],0.0,1.0,1.0,1,59.27718863855156,99962,90884,0.6666666666666666,0.001176859078370737,715,715,True
[D3 ~ ~][D4 D0 | D1 D3 nand nand][D3 D1 &][D0 D0 nor][dc][dc],1.0,1.0,1.0,4,85.6717993305799,99997,90968,0.6666666666666666,0.006803536882785109,1240,1240,True
[D1 D2 | ~][dc][D5 D2 D1 | nand][dc][D4 D0 nand][D4 D1 nand D0 D0 nor &],0.0,1.0,1.0,1,92.83450110013449,99959,91002,0.6666666666666666,0.0018430888494373955,881,881,True
[D1 D2 | ~][D3 D2 & ~][D2 D0 D1 | nor][dc][D4 D0 nand][D1 D1 nand],0.0,1.0,1.0,3,92.83450110013449,99959,91120,0.8333333333333334,0.005529266548312186,870,870,True
[dc][dc][dc][D4 ~ D0 &][dc][dc],0.0,0.7493999039846375,0.7493999039846375,1,70.1125001267948,99992,91159,0.16666666666666666,0.001391977827838903,1561,2083,True
[D3 ~ ~][D4 D0 | D1 D3 nand nand][D0 ~][dc][dc][dc],1.0,1.0,1.0,1,86.75966066778767,99999,91533,0.5,0.001722482064995338,1494,1494,True
[dc][dc][D3 D1 &][D0 ~ D5 |][dc][dc],1.0,1.0,1.0,7,96.0401368876632,99997,91580,0.3333333333333333,0.013347123354884458,1816,1816,True
[D3 ~][dc][D2 D0 D1 | nor][D3 D3 nor D5 D1 nor |][D4 D0 nand][dc],0.0,1.0,1.0,1,96.30254641742313,99927,91638,0.6666666666666666,0.0019119416528444362,491,491,True
[dc][dc][dc][D3 ~][dc][D4 D0 &],0.0,0.2853333333333333,0.2853333333333333,1,78.71307361236515,99966,91821,0.3333333333333333,0.0015627292284730652,321,1125,True
[dc][dc][D3 D1 &][D1 D5 ~ nand][dc][dc],1.0,1.0,1.0,4,100.28142700713795,99997,92285,0.3333333333333333,0.007963745277121256,1212,1212,True
[dc][dc][dc][D1 D5 ~ nand][dc][D4 D0 &],1.0,1.0,1.0,2,86.64235951927847,99981,92586,0.3333333333333333,0.003440306455607091,1600,1600,True
[dc][dc][D5 D0 D5 nor nor][D2 D5 nand][D1 D1 | D4 ~ |][D0 D3 nor D1 |],0.0,1.0,1.0,1,90.64778905691148,99992,92595,0.6666666666666666,0.001799674983514342,1016,1016,True
[D1 D2 | ~][dc][D2 ~ D0 |][dc][D4 D0 nand][dc],0.0,1.0,1.0,2,88.7850469936042,99982,92638,0.5,0.003525386104766819,1153,1153,True
[dc][dc][D2 ~ D0 |][dc][D4 D0 nand][D1 D1 nand],0.0,1.0,1.0,2,72.5574416834657,99982,92689,0.5,0.0028810369017064925,1577,1577,True
[D1 D2 | ~][dc][D2 D0 D1 | nor][dc][dc][D1 D1 nand],0.0,1.0,1.0,3,92.83450110013449,99959,92701,0.5,0.005529266548312186,715,715,True
[dc][dc][D3 D5 nand D2 D4 | |][D1 D5 ~ nand][dc][D4 D0 &],1.0,1.0,1.0,2,86.64235951927847,99981,92713,0.5,0.003440306455607091,1571,1571,True
[dc][dc][D5 D0 D0 nand nor][dc][D1 D1 | D4 ~ |][D1 D0 nand D5 nor],0.0,1.0,1.0,2,90.64778905691148,99992,92963,0.5,0.003599349967028684,965,965,True
[D3 ~ ~][D4 D0 | D1 D3 nand nand][D3 D1 &][D0 D2 D1 nand nor][D3 D2 |][D2 D2 nand D2 D4 & nand],1.0,1.0,1.0,1,92.59753627549262,99997,93341,1.0,0.0018383842706350035,391,391,True
[dc][dc][D5 D0 D5 nor nor][D2 D5 nand][dc][D0 D3 nor D1 |],0.0,1.0,1.0,2,90.64778905691148,99992,93524,0.5,0.003599349967028684,888,888,True
[D2 D0 | D1 ~ &][dc][dc][D5 D4 |][D0 ~][dc],1.0,1.0,1.0,3,74.55523844560415,99969,93692,0.5,0.004440545067335106,619,619,True
[D2 ~ D1 |][dc][dc][D0 ~ D5 |][dc][D4 D0 &],1.0,1.0,1.0,1,102.5696339307826,99981,93708,0.5,0.0020363652128080113,741,741,True
[dc][dc][D5 D0 D0 nand nor][dc][D1 D1 | D4 ~ |][D0 D3 nor D1 |],0.0,1.0,1.0,2,90.64778905691148,99992,93805,0.5,0.003599349967028684,849,849,True
[dc][dc][D5 D0 D5 nor nor][D4 ~ D0 &][dc][D2 ~ ~],0.0,1.0,1.0,1,78.11822214751541,99486,93805,0.5,0.001550919350798886,364,364,True
[dc][D0 D1 nor ~][D5 D0 D0 nand nor][dc][dc][D0 D3 nor D1 |],0.0,1.0,1.0,1,90.64778905691148,99992,93830,0.5,0.001799674983514342,846,846,True
[D0 D2 |][D1 D5 D0 nor |][dc][D5 D1 ~ |][dc][D1 D0 D1 & &],1.0,1.0,1.0,1,89.86788752871027,99986,93861,0.6666666666666666,0.001784191216237601,845,845,True
[dc][dc][D5 D0 D1 & |][D0 ~ D5 |][D0 D0 &][dc],1.0,0.7141997593261131,0.7141997593261131,1,81.56508316385838,99986,93940,0.5,0.0016193515718966192,1187,1662,True
[D0 D1 nor D0 nand][dc][dc][D4 ~ D0 &][dc][D2 D5 nor ~],0.0,0.6989881956155143,0.6989881956155143,1,66.2542522325511,99982,93964,0.5,0.0013153781414294765,829,1186,True
[D0 D3 nor][D1 D0 |][dc][D3 D3 ~ |][dc][dc],0.0,1.0,1.0,3,54.631403673945364,99962,93995,0.5,0.003253872097571363,707,707,True
[dc][dc][D2 ~ D0 |][dc][D4 D0 nand][D4 D5 D5 & &],0.0,0.664756446991404,0.664756446991404,1,89.38665275979163,99900,94078,0.5,0.001774637026512395,232,349,True
[D2 D0 | D1 ~ &][dc][dc][dc][D0 ~][D4 D4 D5 nor nand],1.0,1.0,1.0,4,77.18379321698833,99999,94134,0.5,0.006129470701073517,690,690,True
[D2 D0 | D1 ~ &][dc][D0 D1 | ~][dc][D0 ~][dc],1.0,1.0,1.0,1,77.18379321698833,99999,94304,0.5,0.0015323676752683792,671,671,True
[D1 D5 nand D4 D5 & nand][D2 D4 nand][D2 D0 D1 | nor][dc][D4 D0 nand][D4 D1 nand D0 D0 nor &],0.0,1.0,1.0,1,93.4198135825284,99959,94466,0.8333333333333334,0.0018547093450177307,325,325,True
[dc][D2 D0 nand][D2 D0 D1 | nor][dc][D3 D0 D3 & nor][dc],0.0,1.0,1.0,1,96.30254641742313,99927,94494,0.5,0.0019119416528444362,323,323,True
[D1 D3 & D3 nand][D4 D1 |][D5 D0 D0 nand nor][dc][D1 D1 | D4 ~ |][D0 D3 nor D1 |],0.0,1.0,1.0,1,87.10227924128293,99966,94621,0.8333333333333334,0.0017292842394556513,316,316,True
[D1 D1 & D2 |][D4 D0 | D1 D3 nand nand][D0 D2 nand D2 |][dc][D0 ~][dc],1.0,0.7692307692307693,0.7692307692307693,1,80.44519241326054,99999,94746,0.6666666666666666,0.001597117831955597,1030,1339,True
[D0 D3 nor][D5 D0 |][D1 D5 ~ |][dc][dc][dc],0.0,1.0,1.0,1,69.34974915173038,99962,94760,0.5,0.0013768345588992406,205,205,True
[D3 ~ ~][D4 D0 | D1 D3 nand nand][D3 D1 &][dc][dc][dc],1.0,0.7335092348284961,0.7335092348284961,2,95.7498467549383,99997,94844,0.5,0.003801937271123236,1112,1516,True
[dc][dc][D4 D1 |][D5 D1 ~ |][dc][D1 D0 D1 & &],1.0,1.0,1.0,4,89.86788752871027,99986,94983,0.5,0.007136764864950404,691,691,True
[dc][D4 D1 nand D0 |][D5 D0 D5 nor nor][D2 D5 nand][D1 D1 | D4 ~ |][dc],0.0,1.0,1.0,2,82.12170346830685,99992,95003,0.6666666666666666,0.0032608048552117733,881,881,True
[dc][D4 D0 | D1 D3 nand nand][D2 D4 | D3 |][D2 D2 nand D1 nor][D0 ~][dc],1.0,1.0,1.0,1,86.5683514559534,99999,95018,0.6666666666666666,0.0017186839094502776,293,293,True
[D2 D0 | D1 ~ &][dc][D0 D1 | ~][D5 D4 |][dc][dc],1.0,1.0,1.0,1,74.55523844560415,99969,95018,0.5,0.0014801816891117018,489,489,True
[D1 ~][dc][D2 ~ D0 |][D4 ~ D0 &][dc][D1 D5 nand],0.0,1.0,1.0,1,63.10124373421672,99982,95035,0.6666666666666666,0.0012527799183917592,585,585,True
[D1 D2 | ~][dc][dc][dc][D4 D0 nand][D1 D1 nand D5 |],0.0,1.0,1.0,3,88.7850469936042,99982,95086,0.5,0.005288079157150229,769,769,True
[D1 D2 | ~][D2 D0 nand][D2 D0 D1 | nor][dc][D4 D0 nand][D3 D3 nand D3 nand],0.0,1.0,1.0,1,92.83450110013449,99959,95133,0.8333333333333334,0.0018430888494373955,476,476,True
[D1 D2 | ~][D2 D0 nand][D2 D0 D1 | nor][dc][D4 D0 nand][D1 D5 nand],0.0,1.0,1.0,1,92.83450110013449,99959,95165,0.8333333333333334,0.0018430888494373955,473,473,True
[dc][dc][D1 D4 D4 | |][D0 ~ D5 |][D0 D5 D0 nand |][D4 D0 &],1.0,1.0,1.0,1,100.65906955887492,99981,95187,0.6666666666666666,0.001998433841946254,661,661,True
[D2 D0 | D1 ~ &][dc][dc][dc][D0 ~][dc],1.0,1.0,1.0,7,77.18379321698833,99999,95226,0.3333333333333333,0.010726573726878654,562,562,True
[dc][dc][D2 D2 D2 nor nand][D0 ~ D5 |][dc][D4 D0 &],1.0,1.0,1.0,2,100.65906955887492,99981,95238,0.5,0.003996867683892508,654,654,True
[D3 ~ ~][D4 D0 | D1 D3 nand nand][D2 D4 | D3 |][D0 ~ D5 |][dc][dc],1.0,1.0,1.0,2,93.86068539251025,99999,95307,0.6666666666666666,0.0037269243782737677,1196,1196,True
[D1 D2 | ~][dc][D2 D0 D1 | nor][dc][dc][dc],0.0,1.0,1.0,4,92.83450110013449,99959,95384,0.3333333333333333,0.007372355397749582,452,452,True
[D2 D0 | D1 ~ &][dc][D5 D4 D1 & |][dc][D0 ~][dc],1.0,1.0,1.0,1,77.0013325379574,99969,95477,0.5,0.0015287451939818156,355,355,True
[D3 ~ ~][dc][D3 D1 &][D0 D2 D1 nand nor][dc][dc],1.0,1.0,1.0,1,92.59753627549262,99997,95534,0.5,0.0018383842706350035,262,262,True
[D4 D3 nand][D3 D1 D5 | |][D5 D0 D0 nand nor][dc][dc][D0 D3 nor D1 |],0.0,1.0,1.0,2,93.1835939027761,99992,95539,0.6666666666666666,0.0037000391198840684,437,437,True
[D3 ~ D4 D4 & nand][dc][D3 D1 &][dc][D0 D3 & D3 nand][D5 D1 |],1.0,1.0,1.0,2,85.6717993305799,99997,95585,0.6666666666666666,0.0034017684413925543,604,604,True
[D3 D2 &][D4 D0 | D1 D3 nand nand][D0 D1 | ~][D0 D0 nor][D0 ~][D4 D4 D5 nor nand],1.0,1.0,1.0,1,89.74322117963173,99999,95664,1.0,0.0017817161541091486,170,170,True
[D3 ~ ~][D4 D4 & D3 D1 nor |][D2 D4 | D3 |][D0 ~ D5 |][dc][dc],1.0,0.8178879310344828,0.8178879310344828,1,90.07486559688668,99955,95687,0.6666666666666666,0.0017883004532670817,759,928,True
[dc][D4 D0 | D1 D3 nand nand][D3 D5 & D5 |][D0 ~ D5 |][dc][dc],1.0,0.9096989966555183,0.9096989966555183,1,97.53679057630583,99997,95840,0.5,0.0019364457070458613,816,897,True
[dc][dc][D3 D1 &][D0 D1 ~ nand][dc][D3 D3 D0 nand &],1.0,1.0,1.0,2,85.6717993305799,99997,95864,0.5,0.0034017684413925543,568,568,True
[D2 D1 nand D0 D0 nor nand][dc][dc][D1 D5 ~ nand][D5 D5 | D0 ~ |][D5 D3 nor ~],1.0,0.666896551724138,0.666896551724138,1,82.07023558507521,99997,95901,0.6666666666666666,0.0016293806104951765,967,1450,True
[D1 ~][dc][D2 ~ D0 |][dc][dc][dc],0.0,0.6109167249825053,0.6109167249825053,1,70.62501594730526,99982,95953,0.3333333333333333,0.0014021530556125106,873,1429,True
[dc][dc][D5 D0 D5 nor nor][D2 D5 nand][dc][dc],0.0,0.6914789422135161,0.6914789422135161,2,73.60690887306154,99992,95988,0.3333333333333333,0.0029227080746448406,706,1021,True
[dc][D0 ~ D4 D0 nand &][D3 D1 &][dc][dc][D3 D3 D0 nand &],1.0,1.0,1.0,1,85.6717993305799,99997,95993,0.5,0.0017008842206962772,548,548,True
[dc][dc][dc][D1 D5 ~ nand][D5 D5 | D0 ~ |][D4 D0 &],1.0,1.0,1.0,2,100.65906955887492,99981,96079,0.5,0.003996867683892508,537,537,True
[D2 D4 nor D5 D1 nand nand][D4 D0 | D1 D3 nand nand][D0 D1 | ~][dc][dc][dc],1.0,1.0,1.0,4,86.5683514559534,99999,96123,0.5,0.00687473563780111,228,228,True
[D0 D3 nor][dc][dc][dc][D1 D3 |][dc],0.0,1.0,1.0,3,54.631403673945364,99962,96137,0.3333333333333333,0.003253872097571363,455,455,True
[D0 D3 nor][D5 D0 |][D1 D5 ~ |][D5 D4 |][dc][dc],0.0,1.0,1.0,1,69.34974915173038,99962,96188,0.6666666666666666,0.0013768345588992406,149,149,True
[D0 D3 nor][D1 D0 |][dc][dc][dc][D4 D1 nor D0 D4 nand nand],0.0,1.0,1.0,2,54.631403673945364,99962,96188,0.5,0.002169248065047575,449,449,True
[D5 D1 D5 nand nand][dc][D5 D0 D5 nor nor][dc][D1 D1 | D4 ~ |][D0 D3 nor D1 |],0.0,1.0,1.0,1,90.64778905691148,99992,96192,0.6666666666666666,0.001799674983514342,521,521,True
[dc][D2 D5 nand D0 |][dc][D1 D5 ~ nand][D5 D5 | D0 ~ |][dc],1.0,0.6091015169194866,0.6091015169194866,1,81.00366099573407,99999,96207,0.5,0.001608205382434355,1044,1714,True
[D3 ~ ~][D4 D0 | D1 D3 nand nand][D0 D1 | ~][D0 D0 nor][dc][dc],1.0,1.0,1.0,1,89.74322117963175,99999,96225,0.6666666666666666,0.0017817161541091489,148,148,True
[D3 ~ ~][D4 D0 | D1 D3 nand nand][D5 D0 nor][D1 D4 nand D2 D1 nor |][D2 D4 ~ &][D2 D0 nand],1.0,1.0,1.0,1,84.04302975198374,99999,96225,1.0,0.0016685474599765163,148,148,True
[D0 D3 nor][dc][dc][dc][dc][dc],0.0,0.8177339901477833,0.8177339901477833,2,69.1271099569754,99962,96239,0.16666666666666666,0.002744828787696249,664,812,True
[dc][dc][D3 D1 &][dc][dc][D3 D3 D0 nand &],1.0,1.0,1.0,2,85.6717993305799,99997,96374,0.3333333333333333,0.0034017684413925543,498,498,True
[D0 D3 nor][dc][D1 D2 & D1 |][dc][dc][dc],0.0,1.0,1.0,3,54.631403673945364,99962,96392,0.3333333333333333,0.003253872097571363,425,425,True
[D4 D3 nand][dc][D5 D0 D5 nor nor][dc][D1 D1 | D4 ~ |][D0 D3 nor D1 |],0.0,1.0,1.0,1,93.1835939027761,99992,96396,0.6666666666666666,0.0018500195599420342,353,353,True
[D5 D1 D5 nand nand][D3 D1 D5 | |][D5 D0 D0 nand nor][dc][dc][D0 D3 nor D1 |],0.0,1.0,1.0,1,90.64778905691148,99992,96396,0.6666666666666666,0.001799674983514342,493,493,True
[D2 D0 | D1 ~ &][dc][D0 D1 | ~][D5 D4 |][D4 D0 nand D4 D0 & |][D2 D0 nand],1.0,1.0,1.0,2,74.55523844560415,99969,96497,0.8333333333333334,0.0029603633782234037,344,344,True
[D1 D2 | ~][dc][D5 D2 D1 | nand][dc][D4 D0 nand][dc],0.0,1.0,1.0,4,88.7850469936042,99982,96510,0.5,0.007050772209533638,546,546,True
[D2 ~ D1 |][dc][dc][D5 D1 ~ |][D3 ~ D0 nand][D4 D0 &],1.0,1.0,1.0,1,102.55413581003373,99955,96589,0.6666666666666666,0.0020360575210210037,266,266,True
[D2 D0 nand][D5 ~ ~][D2 D2 D2 nor nand][D5 D1 ~ |][dc][D4 D0 &],1.0,1.0,1.0,1,102.24140429089705,99981,96691,0.8333333333333334,0.002029848708898809,259,259,True
[dc][dc][dc][D1 D5 ~ nand][dc][dc],1.0,0.6490238611713666,0.6490238611713666,1,77.27481502921007,99999,96824,0.16666666666666666,0.0015341747759170972,1496,2305,True
[dc][dc][D5 D0 D0 nand nor][D1 D0 nand ~][D1 D1 | D4 ~ |][D0 D3 nor D1 |],0.0,1.0,1.0,1,90.64778905691148,99992,96830,0.6666666666666666,0.001799674983514342,434,434,True
[dc][dc][D5 D0 D5 nor nor][dc][D1 D1 | D4 ~ |][D0 D3 nor D1 |],0.0,1.0,1.0,1,90.64778905691148,99992,96881,0.5,0.001799674983514342,427,427,True
[D0 D3 nor][dc][D1 D2 & D1 |][dc][dc][D1 D5 |],0.0,1.0,1.0,2,54.631403673945364,99962,96902,0.5,0.002169248065047575,365,365,True
[dc][dc][D3 D1 &][D0 D2 D1 nand nor][D1 D5 nor ~][dc],1.0,1.0,1.0,1,92.59753627549262,99997,96962,0.5,0.0018383842706350035,178,178,True
[D1 D2 | ~][D2 D4 nand][dc][D0 D3 nand D2 D4 | nand][D3 D0 D3 & nor][dc],0.0,1.0,1.0,1,87.47486984047202,99927,96969,0.6666666666666666,0.001736681463231647,118,118,True
[D1 D2 | ~][dc][D2 ~ D0 |][dc][D4 D0 nand][D1 D1 nand D5 |],0.0,1.0,1.0,3,88.7850469936042,99982,96969,0.6666666666666666,0.005288079157150229,474,474,True
[dc][dc][D2 D2 D2 nor nand][D0 ~ D5 |][dc][D1 D0 D1 & &],1.0,1.0,1.0,1,89.86788752871027,99986,96972,0.5,0.001784191216237601,418,418,True
[dc][D5 ~ ~][D5 ~ D4 D3 & nand][D0 ~ D5 |][dc][dc],1.0,0.6921052631578948,0.6921052631578948,1,80.99285572332727,99997,97023,0.5,0.0016079908600654931,1052,1520,True
[D3 D1 nand][D2 D0 nand][dc][dc][D4 D0 nand][D4 D1 nand D0 D0 nor &],0.0,0.5708908406524467,0.5708908406524467,1,79.86272088171447,99962,97095,0.6666666666666666,0.0015855537391648215,455,797,True
[dc][dc][D1 D3 D1 nand nand][D2 D2 nand D1 nor][dc][dc],1.0,0.7485294117647059,0.7485294117647059,1,66.03297447712748,99999,97113,0.3333333333333333,0.0013109850057006606,509,680,True
[D2 D0 | D1 ~ &][D4 D0 | D1 D3 nand nand][D0 D1 | ~][dc][D0 ~][dc],1.0,1.0,1.0,1,86.5683514559534,99999,97143,0.6666666666666666,0.0017186839094502776,168,168,True
[D3 ~ ~][D4 D2 D1 | |][dc][D0 ~ D5 |][dc][D5 D1 |],1.0,0.8813559322033898,0.8813559322033898,1,91.77900767899553,99997,97166,0.6666666666666666,0.0018221336212398808,832,944,True
[D0 D2 |][dc][dc][D3 D1 nand][dc][D1 D0 D1 & &],1.0,0.5015015015015015,0.5015015015015015,1,74.65121851659926,99981,97176,0.5,0.001482087228501939,167,333,True
[dc][dc][D5 D0 D5 nor nor][D4 ~ D0 &][dc][dc],0.0,1.0,1.0,2,82.92290770950841,99992,97191,0.3333333333333333,0.003292618256168983,275,275,True
[D1 D2 | ~][dc][D2 D0 D1 | nor][dc][dc][D1 D5 nand],0.0,1.0,1.0,1,92.83450110013449,99959,97220,0.5,0.0018430888494373955,272,272,True
[D0 D3 nor D2 nor][dc][D5 D0 D0 nand nor][dc][dc][D0 D3 nor D1 |],0.0,1.0,1.0,1,94.71599289666304,99992,97238,0.5,0.0018804430282113975,162,162,True
[D0 D3 nor][D5 D0 |][dc][D5 D4 |][dc][dc],0.0,0.5970149253731343,0.5970149253731343,1,73.32810528649884,99962,97259,0.5,0.001455818813074028,160,268,True
[D0 D3 nor][D5 D2 nand D5 ~ nand][D1 D5 ~ |][dc][D1 D3 |][dc],0.0,1.0,1.0,3,69.34974915173594,99962,97310,0.6666666666666666,0.004130503676698053,105,105,True
[D0 D3 nor][dc][dc][D1 D0 nor D0 D0 nor |][D5 D1 nand D2 ~ nand][D1 D2 &],0.0,1.0,1.0,1,59.27718863855156,99962,97310,0.6666666666666666,0.001176859078370737,211,211,True
[D1 D3 & D3 nand][D4 D1 nand D0 |][D4 D5 nor D4 nand][dc][D1 D1 | D4 ~ |][D0 D3 nor D1 |],0.0,0.6362068965517241,0.6362068965517241,1,72.83675047039512,99966,97314,0.8333333333333334,0.0014460637050921225,369,580,True
[dc][dc][dc][D1 D5 ~ nand][dc][D4 D4 nand D2 nand],1.0,0.6790633608815427,0.6790633608815427,1,78.78696098257758,99986,97354,0.3333333333333333,0.001564196150646815,986,1452,True
[dc][D5 ~ ~][D5 D4 D3 | &][D5 D1 ~ |][D0 D5 D0 nand |][D4 D0 &],1.0,1.0,1.0,1,100.65906955887492,99981,97380,0.8333333333333334,0.001998433841946254,360,360,True
[D5 D1 D5 nand nand][D3 D1 D5 | |][D5 D0 D5 nor nor][D2 D5 nand][D1 D1 | D4 ~ |][D0 D3 nor D1 |],0.0,1.0,1.0,1,90.64778905691148,99992,97391,1.0,0.001799674983514342,357,357,True
[dc][D0 D1 nand][D5 ~ D4 D3 & nand][dc][D0 D0 &][D4 D0 &],1.0,1.0,1.0,1,75.0523400135751,99955,97405,0.6666666666666666,0.0014900508901749669,254,254,True
[D4 D3 nand][D3 D1 D5 | |][D5 D0 D0 nand nor][dc][dc][D1 D4 D5 | |],0.0,1.0,1.0,1,93.1835939027761,99992,97442,0.6666666666666666,0.0018500195599420342,250,250,True
[dc][D5 ~ ~][D5 ~ D4 D3 & nand][D0 ~ D5 |][dc][D3 ~ D2 D0 & nand],1.0,0.7082616179001722,0.7082616179001722,1,81.61869318337719,99997,97533,0.6666666666666666,0.0016204159178889207,823,1162,True
[D0 ~ D0 D4 | |][dc][dc][D5 D1 ~ |][dc][D4 D0 &],1.0,1.0,1.0,4,86.64235951927847,99981,97533,0.5,0.006880612911214182,533,533,True
[D4 D0 & ~][D1 D0 |][D1 D5 ~ |][dc][D1 D3 |][dc],0.0,0.49947643979057593,0.49947643979057593,1,76.18799126546871,99992,97565,0.6666666666666666,0.0015125975310725898,477,955,True
[dc][dc][D3 D1 &][dc][D0 D3 & D3 nand][dc],1.0,1.0,1.0,3,85.6717993305799,99997,97574,0.3333333333333333,0.005102652662088831,331,331,True
[D0 D4 |][D3 D1 D5 | |][D5 D0 D0 nand nor][D1 D3 &][dc][D0 D3 nor D1 |],0.0,1.0,1.0,1,92.24119081016393,99992,97655,0.8333333333333334,0.0018313095694634373,183,183,True
[D2 D0 nand][dc][D5 D5 | D1 D2 nor &][dc][dc][D4 D0 &],1.0,1.0,1.0,1,90.70242667088903,99955,97660,0.5,0.001800759730843067,91,91,True
[D2 D0 | D1 ~ &][dc][D1 D0 nor][D4 D3 | D3 nand][dc][dc],1.0,1.0,1.0,2,72.84574664819398,99969,97674,0.5,0.0028924846212381563,90,90,True
[D0 D2 |][dc][dc][D0 ~ D5 |][dc][D1 D0 D1 & &],1.0,1.0,1.0,2,89.86788752871027,99986,97686,0.5,0.003568382432475202,320,320,True
[D2 D0 | D1 ~ &][D4 D0 | D1 D3 nand nand][dc][D1 D4 nand D2 D1 nor |][dc][dc],1.0,1.0,1.0,1,86.56835145595338,99999,97704,0.5,0.001718683909450277,135,135,True
[D4 D3 nand][dc][D2 D2 | D2 |][D2 D5 nand][D1 D1 | D4 ~ |][dc],0.0,0.7507002801120448,0.7507002801120448,1,72.8873922328404,99888,97732,0.6666666666666666,0.0014470691208219716,268,357,True
[D1 D2 | ~][dc][D2 D0 D1 | nor][dc][D4 D0 nand][D1 D1 nand],0.0,1.0,1.0,1,92.83450110013449,99959,97734,0.6666666666666666,0.0018430888494373955,221,221,True
[D1 D2 | ~][dc][D2 ~ D0 |][D3 D3 ~ |][dc][dc],0.0,0.6660268714011516,0.6660268714011516,1,83.1274680766457,99982,97781,0.5,0.0016503703653103037,347,521,True
[dc][D5 ~ ~][D5 D4 D3 | &][D0 ~ D5 |][D0 D4 D1 nor |][D4 D0 &],1.0,1.0,1.0,1,100.65906955887492,99981,97788,0.8333333333333334,0.001998433841946254,304,304,True
[D0 ~ D0 D4 | |][dc][D1 D4 D4 | |][D5 D1 ~ |][dc][D1 D0 D1 & &],1.0,1.0,1.0,1,89.86788752871027,99986,97788,0.6666666666666666,0.001784191216237601,306,306,True
[D3 ~ ~][D4 D0 | D1 D3 nand nand][D5 D0 nor][D1 D4 nand D2 D1 nor |][dc][dc],1.0,1.0,1.0,1,80.10232687108831,99999,97806,0.6666666666666666,0.001590310754305098,129,129,True
[dc][dc][D3 D0 ~ |][D0 ~ D5 |][D1 D5 nor ~][dc],1.0,0.6299559471365639,0.6299559471365639,1,88.95208239430113,99997,97853,0.5,0.0017660092880591282,715,1135,True
[D2 D0 | D1 ~ &][D4 D0 | D1 D3 nand nand][dc][dc][dc][dc],1.0,1.0,1.0,2,86.56835145595454,99999,97908,0.3333333333333333,0.0034373678189006003,123,123,True
[dc][D5 ~ ~][D0 D4 nor D1 |][dc][D0 D5 D0 nand |][D1 D0 D1 & &],1.0,1.0,1.0,1,89.86788752871027,99986,97946,0.6666666666666666,0.001784191216237601,283,283,True
[D5 D1 D5 nand nand][D3 D1 D5 | |][D5 D0 D5 nor nor][D2 D5 nand][dc][D0 D3 nor D1 |],0.0,1.0,1.0,2,90.64778905691148,99992,97952,0.8333333333333334,0.003599349967028684,280,280,True
[D3 ~ ~][D4 D0 | D1 D3 nand nand][dc][dc][D0 ~][D4 D4 D5 nor nand],1.0,1.0,1.0,1,86.75966066778767,99999,97959,0.6666666666666666,0.001722482064995338,360,360,True
[dc][dc][D5 D4 D3 | &][D5 D1 ~ |][D0 D5 D0 nand |][D4 D0 &],1.0,1.0,1.0,1,100.65906955887492,99981,97966,0.6666666666666666,0.001998433841946254,278,278,True
[D4 ~ ~][dc][D5 D0 D5 nor nor][dc][D1 D1 | D4 ~ |][D0 D3 nor D1 |],0.0,1.0,1.0,1,84.029925582409,99966,98001,0.6666666666666666,0.0016682872964754675,156,156,True
[D3 D2 &][D4 D0 | D1 D3 nand nand][D0 D1 | ~][dc][dc][dc],1.0,1.0,1.0,2,89.74322127385447,99999,98010,0.5,0.003563432311959598,78,78,True
[D1 D2 | ~][dc][D5 D2 D1 | nand][D1 D0 ~ |][dc][dc],0.0,1.0,1.0,1,92.83450110013449,99959,98040,0.5,0.0018430888494373955,191,191,True
[D3 D2 &][D4 D0 | D1 D3 nand nand][D2 D4 | D3 |][D4 D5 D1 nor |][D0 ~][dc],1.0,1.0,1.0,2,88.17317950513595,99999,98061,0.8333333333333334,0.0035010906945052247,76,76,True
[dc][dc][D2 D0 nor][dc][D4 D0 nand][dc],0.0,0.636144578313253,0.636144578313253,2,81.36325007843841,99959,98072,0.3333333333333333,0.003230688961462817,264,415,True
[dc][dc][D5 D0 D5 nor nor][D5 D0 nand D2 D5 & nand][dc][D0 D3 nor D1 |],0.0,1.0,1.0,3,90.64778905691148,99992,98103,0.5,0.005399024950543026,260,260,True
[D3 ~ ~][dc][D3 D1 &][D0 D0 nor][dc][D3 D5 &],1.0,1.0,1.0,3,91.53502417872902,99997,98110,0.6666666666666666,0.0054518690916911736,148,148,True
[D0 ~ D0 D4 | |][dc][dc][D5 D1 ~ |][D3 ~ D0 nand][D4 D3 |],1.0,0.6800445930880713,0.6800445930880713,1,89.49498432287012,99999,98170,0.6666666666666666,0.0017767877861285504,610,897,True
[dc][D4 D1 nand D0 |][D5 D0 D0 nand nor][D2 D5 nand][dc][D1 D0 nand D5 nor],0.0,1.0,1.0,1,90.64778905691148,99992,98181,0.6666666666666666,0.001799674983514342,248,248,True
[D3 ~ ~][dc][D3 D1 &][D0 ~ D5 |][dc][dc],1.0,1.0,1.0,3,96.0401368876632,99997,98186,0.5,0.00572019572352191,390,390,True
[dc][D1 ~ D3 D4 nor nand][D2 D2 D2 nor nand][D0 ~ D5 |][dc][D5 D2 nand D0 &],1.0,0.856,0.856,1,84.86177954595782,99986,98196,0.6666666666666666,0.0016848025009135606,214,250,True
[dc][dc][D5 D4 D3 | &][dc][D5 D5 | D0 ~ |][D4 D0 &],1.0,1.0,1.0,3,100.65906955887492,99981,98221,0.5,0.005995301525838762,243,243,True
[dc][dc][D2 D0 |][D4 ~ D0 &][dc][dc],0.0,0.7463768115942029,0.7463768115942029,1,70.1125001267948,99992,98250,0.3333333333333333,0.001391977827838903,309,414,True
[dc][D4 D0 | D1 D3 nand nand][D2 D4 | D3 |][D0 ~ D5 |][dc][D1 D0 D1 & &],1.0,1.0,1.0,1,112.79379342448692,99986,98252,0.6666666666666666,0.00223935046219703,138,138,True
[dc][dc][D5 D4 D3 | &][D1 D5 ~ nand][D0 D4 D1 nor |][D4 D0 &],1.0,1.0,1.0,1,100.65906955887492,99981,98275,0.6666666666666666,0.001998433841946254,235,235,True
[D2 D1 nand D0 D0 nor nand][dc][dc][dc][D2 D1 nand][D4 D0 &],1.0,0.8194070080862533,0.8194070080862533,1,84.92193425011791,99981,98275,0.5,0.0016859967817376596,304,371,True
[dc][dc][dc][D5 D1 ~ |][dc][D1 D0 D1 & &],1.0,1.0,1.0,1,89.86788752871027,99986,98298,0.3333333333333333,0.001784191216237601,236,236,True
[dc][dc][D1 D0 nand][dc][dc][dc],0.0,0.45897644191714054,0.45897644191714054,1,77.73377676442655,99982,98299,0.16666666666666666,0.0015432867681879827,565,1231,True
[dc][dc][D5 D3 nand D3 ~ nand][D0 ~ D5 |][dc][D2 ~ D0 D5 nand |],1.0,0.8241563055062167,0.8241563055062167,1,90.54369022597692,99999,98312,0.5,0.0017976082584039437,464,563,True
[D5 D5 nor D0 D5 | nand][dc][D0 D1 | ~][D0 D5 nor D3 D2 nand nand][D0 ~][dc],1.0,0.7519083969465649,0.7519083969465649,1,80.66825994515496,99999,98333,0.6666666666666666,0.0016015465009938746,197,262,True
[D1 D2 | ~][dc][dc][dc][D4 D0 nand][D3 ~ D0 nand],0.0,1.0,1.0,2,89.6546140012711,99982,98370,0.5,0.0035599139847398214,223,223,True
[D1 ~][dc][dc][D4 ~ D0 &][dc][D1 D5 nand],0.0,1.0,1.0,2,63.10124373421672,99982,98401,0.5,0.0025055598367835184,189,189,True
[dc][D4 D0 | D1 D3 nand nand][dc][D0 ~ D5 |][D0 D5 D0 nand |][D1 D0 D1 & &],1.0,1.0,1.0,1,112.7937934244886,99986,98405,0.6666666666666666,0.0022393504621970634,126,126,True
[D1 D3 & D3 nand][D4 D1 |][D5 D0 D0 nand nor][dc][dc][D0 D3 nor D1 |],0.0,1.0,1.0,1,87.10227924632821,99966,98409,0.6666666666666666,0.0017292842395558177,93,93,True
[dc][dc][D5 D0 D0 nand nor][D1 D0 nand ~][dc][D0 D3 nor D1 |],0.0,1.0,1.0,1,90.64778905691148,99992,98423,0.5,0.001799674983514342,215,215,True
[dc][dc][dc][D2 D3 D1 nand |][dc][D4 D0 &],1.0,0.769620253164557,0.769620253164557,1,77.45664755354686,99981,98451,0.3333333333333333,0.001537784786140653,304,395,True
[D1 D3 & D3 nand][D4 D1 nand D0 |][D5 D0 D0 nand nor][D5 D0 nand D2 D5 & nand][dc][D1 D0 nand D5 nor],0.0,1.0,1.0,1,87.10227924835688,99966,98460,0.8333333333333334,0.0017292842395960938,90,90,True
[D2 D5 nand D0 |][dc][D5 D0 D5 nor nor][D2 D5 nand][D1 D1 | D4 ~ |][dc],0.0,1.0,1.0,2,82.12170346830685,99992,98482,0.6666666666666666,0.0032608048552117733,266,266,True
[D0 D3 nor][D1 D0 |][D0 D2 nor D5 D1 | |][D4 D2 | D0 ~ |][dc][dc],0.0,1.0,1.0,1,54.631403673945364,99962,98483,0.6666666666666666,0.0010846240325237874,179,179,True
[dc][dc][D3 D1 &][D2 D5 nand ~][D1 D5 nor ~][dc],1.0,1.0,1.0,1,100.59632558940359,99997,98492,0.5,0.0019971881551689072,118,118,True
[D4 D3 nand][dc][D1 D3 &][dc][D1 D1 | D4 ~ |][D0 D3 nor D1 |],0.0,0.24892703862660945,0.24892703862660945,1,93.02750044734569,99992,98513,0.6666666666666666,0.001846920560068446,58,233,True
[D3 ~ ~][D4 D0 | D1 D3 nand nand][D3 D1 &][dc][dc][D2 ~ D3 |],1.0,0.7333333333333333,0.7333333333333333,1,95.7498467549383,99997,98518,0.6666666666666666,0.001900968635561618,319,435,True
[D3 D2 &][D4 D0 | D1 D3 nand nand][D2 D4 | D3 |][dc][dc][dc],1.0,0.7777777777777778,0.7777777777777778,1,91.95108349179426,99999,98520,0.5,0.001825549926687412,203,261,True
[dc][D5 ~ ~][D5 D4 D3 | &][D0 ~ D5 |][dc][D4 D0 &],1.0,1.0,1.0,6,100.65906955887492,99981,98527,0.6666666666666666,0.011990603051677524,201,201,True
[dc][dc][D5 D0 D5 nor nor][dc][dc][D0 D3 nor D1 |],0.0,1.0,1.0,1,90.64778905691148,99992,98538,0.3333333333333333,0.001799674983514342,199,199,True
[D2 D5 nand D0 |][dc][D5 D0 D5 nor nor][D2 D5 nand][dc][dc],0.0,0.6931506849315069,0.6931506849315069,2,73.60690887306154,99992,98564,0.5,0.0029227080746448406,253,365,True
[D3 ~ ~][dc][D3 D1 &][D4 D2 nand][dc][D3 D5 &],1.0,1.0,1.0,1,99.13065523015146,99997,98569,0.6666666666666666,0.001968089483187305,168,168,True
[dc][dc][dc][D4 D0 D2 nand |][D0 D4 D1 nor |][D4 D0 &],1.0,0.7349397590361446,0.7349397590361446,1,87.66972934015001,99981,98581,0.5,0.0017405501043812996,305,415,True
[D4 D0 | D4 D0 | &][D5 ~ ~][D2 D2 D2 nor nand][D1 D5 ~ nand][dc][dc],1.0,0.6678507992895204,0.6678507992895204,1,79.69239180331618,99986,98629,0.6666666666666666,0.001582172112491434,376,563,True
[D0 D3 nor][D5 D0 |][D1 D5 ~ |][D5 D1 & D2 ~ nand][dc][D2 ~ D4 nor],0.0,1.0,1.0,1,72.10141322398519,99962,98636,0.8333333333333334,0.001431464694343174,26,26,True
[D1 D2 | ~][dc][dc][dc][dc][D3 ~ D0 nand],0.0,0.7787234042553192,0.7787234042553192,1,86.34600549905602,99982,98656,0.3333333333333333,0.001714269566194067,183,235,True
[D3 D2 &][D4 D0 | D1 D3 nand nand][D1 D1 D0 nand |][D0 D0 nor][dc][dc],1.0,1.0,1.0,1,91.16569238483234,99999,98673,0.6666666666666666,0.0018099571721130383,130,130,True
[D0 D4 |][D3 D1 D5 | |][D5 D0 D5 nor nor][D1 D3 &][D1 D1 | D4 ~ |][dc],0.0,1.0,1.0,1,92.24119080910184,99992,98717,0.8333333333333334,0.001831309569442351,100,100,True
[dc][D4 D1 nand D0 |][D5 D0 D5 nor nor][dc][dc][D0 D3 nor D1 |],0.0,1.0,1.0,2,90.64778905691148,99992,98717,0.5,0.003599349967028684,175,175,True
[D1 D2 | ~][D3 D2 & ~][D2 D0 D1 | nor][dc][dc][D1 D1 nand],0.0,1.0,1.0,3,92.83450110013231,99959,98727,0.6666666666666666,0.005529266548312056,124,124,True
[D0 ~ D0 D4 | |][dc][dc][D5 D1 ~ |][D0 D5 D0 nand |][D4 D0 &],1.0,1.0,1.0,1,86.64235951927847,99981,98757,0.6666666666666666,0.0017201532278035454,269,269,True
[D4 D3 nand][dc][D2 D0 |][D4 ~ D0 &][dc][dc],0.0,0.7448979591836735,0.7448979591836735,1,70.1125001267948,99992,98760,0.5,0.001391977827838903,219,294,True
[D1 D3 & D3 nand][D4 D1 nand D0 |][D5 D0 D0 nand nor][D5 D0 nand D2 D5 & nand][dc][D0 D3 nor D1 |],0.0,1.0,1.0,1,87.10227913063551,99966,98766,0.8333333333333334,0.0017292842372589139,72,72,True
[D3 ~ ~][D4 D1 | D2 D1 | |][D5 D0 nor][D1 D4 nand D2 D1 nor |][D2 D4 ~ &][D2 D0 nand],1.0,1.0,1.0,1,84.04297480205427,99999,98775,1.0,0.001668546369028635,48,48,True
[dc][dc][dc][D5 D4 |][D4 D0 nand D4 D0 & |][D2 D0 nand],1.0,0.6039603960396039,0.6039603960396039,1,80.5374161188716,99997,98796,0.5,0.001598948794382833,427,707,True
[D0 D3 nor D2 nor][D1 D2 | D3 D5 | |][D5 D0 D0 nand nor][dc][D1 D1 | D4 ~ |][dc],0.0,1.0,1.0,1,92.62984068571866,99992,98819,0.6666666666666666,0.0018390256259239283,92,92,True
[dc][D5 ~ ~][D0 D4 nor D1 |][dc][D0 D5 D0 nand |][dc],1.0,0.8694362017804155,0.8694362017804155,1,85.12693133223647,99997,98859,0.5,0.001690066689280033,293,337,True
[D1 D2 | ~][dc][dc][D2 D1 | D1 D5 nand nand][dc][dc],0.0,0.6653992395437263,0.6653992395437263,1,83.1274680766457,99982,98880,0.3333333333333333,0.0016503703653103037,175,263,True
[dc][D3 D1 D5 | |][D5 D0 D5 nor nor][D2 D5 nand][D1 D1 | D4 ~ |][D0 D3 nor D1 |],0.0,1.0,1.0,1,90.64778905691148,99992,98895,0.8333333333333334,0.001799674983514342,150,150,True
[D5 D1 | D0 |][dc][D3 D5 nand D2 D4 | |][D1 D5 ~ nand][D0 D5 D0 nand |][D4 D0 &],1.0,1.0,1.0,1,86.64235951927847,99981,98938,0.8333333333333334,0.0017201532278035454,228,228,True
[dc][dc][D0 D1 | ~][D0 D0 nor][D4 D0 nand D4 D0 & |][D2 D0 nand],1.0,0.5482456140350878,0.5482456140350878,1,84.05944235300015,99999,98945,0.6666666666666666,0.0016688733073884712,125,228,True
[dc][D5 ~ ~][dc][D1 D5 ~ nand][dc][dc],1.0,0.6917293233082706,0.6917293233082706,1,80.99285572332727,99997,98961,0.3333333333333333,0.0016079908600654931,368,532,True
[D1 ~][dc][dc][D4 ~ D0 &][dc][dc],0.0,1.0,1.0,1,63.10124373421252,99982,98964,0.3333333333333333,0.0012527799183916757,122,122,True
[D5 D1 | D0 |][D5 D4 |][D3 D5 nand D2 D4 | |][D5 D3 D5 nor |][D0 D5 D0 nand |][D4 D0 &],1.0,0.8165137614678899,0.8165137614678899,1,91.22616131736466,99981,98986,1.0,0.0018111576914670172,178,218,True
[D0 D3 nor][dc][dc][dc][D4 D0 nand][dc],0.0,0.819047619047619,0.819047619047619,1,69.1271099569754,99962,99009,0.3333333333333333,0.0013724143938481244,172,210,True
[D1 D2 | ~][dc][D1 D5 ~ |][D3 D3 ~ |][dc][dc],1.0,0.3391304347826087,0.3391304347826087,1,77.84737387277576,99769,99009,0.5,0.0015455420672550928,39,115,True
[dc][D5 ~ ~][D2 D2 D2 nor nand][D1 D5 ~ nand][dc][D4 D0 &],1.0,1.0,1.0,2,100.6590695588756,99981,99012,0.6666666666666666,0.003996867683892536,136,136,True
[D1 D2 | ~][D3 D2 & ~][D2 D0 D1 | nor][dc][D3 D0 D3 & nor][D4 D4 |],0.0,1.0,1.0,1,95.13978333156669,99900,99084,0.8333333333333334,0.0018888567474193742,35,35,True
[D0 D3 nor][D5 D2 nand D5 ~ nand][D2 D5 nor ~][D3 D3 ~ |][dc][dc],0.0,0.5909090909090909,0.5909090909090909,1,73.32810527399177,99962,99095,0.6666666666666666,0.001455818812825719,52,88,True
[D0 D3 nor][D1 D0 |][D1 D5 ~ |][dc][D5 D1 nand D2 ~ nand][D1 D2 &],0.0,1.0,1.0,2,59.277188358914565,99962,99095,0.8333333333333334,0.0023537181456379334,71,71,True
[D1 ~ ~][D0 ~ D4 D0 nand &][D1 D1 D0 nand |][D0 D0 nor][dc][D3 D3 D0 nand &],1.0,1.0,1.0,1,85.67179933055374,99997,99130,0.8333333333333334,0.0017008842206957578,119,119,True
[dc][dc][D5 D0 nor][D1 D4 nand D2 D1 nor |][dc][dc],1.0,0.4444444444444444,0.4444444444444444,1,78.26969659614515,99999,99132,0.3333333333333333,0.00155392664726664,68,153,True
[dc][dc][D2 D2 D2 nor nand][D1 D1 nand][dc][D4 D0 &],1.0,1.0,1.0,1,68.51923848428375,99955,99142,0.5,0.0013603460235770265,117,117,True
[D5 D1 D5 nand nand][dc][D5 D0 D0 nand nor][dc][dc][D0 D3 nor D1 |],0.0,1.0,1.0,1,90.64778905693494,99992,99150,0.5,0.0017996749835148078,115,115,True
[D3 D2 &][dc][D0 D1 | ~][D5 D4 |][D4 D0 nand D4 D0 & |][D4 D4 D5 nor nand],1.0,1.0,1.0,1,75.58271872089225,99919,99159,0.8333333333333334,0.0015005807585951228,49,49,True
[dc][dc][dc][D1 D5 ~ nand][D1 ~][D4 D0 &],1.0,1.0,1.0,3,68.51923848388324,99955,99193,0.5,0.004081038070707225,110,110,True
[D5 D1 D5 nand nand][dc][D5 D0 D5 nor nor][dc][dc][D0 D3 nor D1 |],0.0,1.0,1.0,2,90.64778905696754,99992,99201,0.5,0.00359934996703091,108,108,True
[D5 D1 D5 nand nand][D3 D1 D5 | |][D5 D0 D0 nand nor][D2 D5 nand][dc][D0 D3 nor D1 |],0.0,1.0,1.0,1,90.64778905696754,99992,99201,0.8333333333333334,0.001799674983515455,108,108,True
[dc][dc][D2 D0 D1 | nor][D0 D2 nand D0 |][D4 D0 nand][D1 D5 nand],0.0,1.0,1.0,1,92.83450103348439,99959,99213,0.6666666666666666,0.0018430888481141582,76,76,True
[dc][dc][D2 D2 D2 nor nand][D1 D5 ~ nand][dc][D4 D0 &],1.0,1.0,1.0,1,86.64235951927847,99981,99216,0.5,0.0017201532278035454,170,170,True
[D0 D2 |][D4 D0 | D1 D3 nand nand][dc][D5 D1 ~ |][dc][D1 D0 D1 & &],1.0,1.0,1.0,1,112.79381714610851,99986,99223,0.6666666666666666,0.0022393509331540096,61,61,True
[D1 D2 |][D1 D5 D0 nor |][D3 D1 &][D0 ~ D5 |][dc][dc],1.0,1.0,1.0,1,96.0401368876632,99997,99223,0.6666666666666666,0.0019067319078406367,168,168,True
[dc][D4 D0 | D1 D3 nand nand][D5 D2 D3 nor nand][D1 D4 nand D2 D1 nor |][dc][dc],1.0,0.6,0.6,1,88.11564008335937,99999,99234,0.5,0.0017494029889114488,135,225,True
[dc][D4 D0 | D1 D3 nand nand][D3 D1 &][D0 D2 D1 nand nor][D3 D2 |][D3 D5 &],1.0,1.0,1.0,1,95.017799737534,99997,99257,0.8333333333333334,0.0018864349473416914,29,29,True
[D4 D3 nand][dc][D2 D0 |][dc][D4 D0 nand][D1 D1 nand],0.0,0.6041666666666666,0.6041666666666666,1,69.9778191055478,99982,99268,0.6666666666666666,0.0013893039395156013,87,144,True
[dc][dc][D2 ~ D0 |][D4 ~ D0 &][dc][D1 D1 nand D5 |],0.0,0.6590909090909091,0.6590909090909091,1,64.79233321424894,99982,99268,0.5,0.001286353946658323,87,132,True
[D2 D5 nand D0 |][dc][D5 D0 D0 nand nor][D2 D5 nand][D1 D1 | D4 ~ |][dc],0.0,1.0,1.0,2,82.12170346830624,99992,99276,0.6666666666666666,0.0032608048552117495,128,128,True
[D2 D5 nor D4 |][D0 D1 nor ~][D5 D0 D5 nor nor][dc][dc][D0 D3 nor D1 |],0.0,1.0,1.0,1,89.6080410924054,99992,99276,0.6666666666666666,0.0017790323575843621,71,71,True
[D3 ~ ~][D4 D1 | D2 D1 | |][D3 D4 & D5 D2 | |][D0 D0 nor][dc][dc],1.0,0.8333333333333334,0.8333333333333334,1,85.15457624042946,99999,99285,0.6666666666666666,0.0016906155371914284,140,168,True
[dc][D0 D1 nand][D5 ~ D4 D3 & nand][dc][dc][D4 D0 &],1.0,1.0,1.0,3,75.05233833824664,99955,99292,0.5,0.004470152570741549,69,69,True
[D5 D1 D5 nand nand][D3 D1 D5 | |][D5 D4 nor D0 D0 nand nand][dc][dc][D0 D3 nor D1 |],0.0,0.4745222929936306,0.4745222929936306,1,83.80286288896505,99992,99303,0.6666666666666666,0.0016637793095368792,149,314,True
[D2 D0 | D1 ~ &][dc][dc][D0 D0 nor][dc][dc],1.0,1.0,1.0,1,77.1837932139618,99999,99306,0.3333333333333333,0.001532367675208292,82,82,True
[D2 D4 |][D1 D0 |][D2 D5 nor ~][D3 D3 ~ |][dc][dc],1.0,0.5583596214511041,0.5583596214511041,1,83.4212234883915,99997,99350,0.6666666666666666,0.0016562024354720918,177,317,True
[D0 D3 nor D2 nor][dc][D5 D0 D0 nand nor][dc][dc][dc],0.0,0.6533333333333333,0.6533333333333333,1,79.0618180058876,99992,99354,0.3333333333333333,0.0015696530218407027,49,75,True
[D5 D1 D5 nand nand][D3 D1 D5 | |][D5 D0 D0 nand nor][D1 D2 & D5 nor][dc][D0 D3 nor D1 |],0.0,1.0,1.0,1,94.71720470376384,99992,99354,0.8333333333333334,0.001880467086811688,37,37,True
[dc][dc][D3 D5 nand D2 D4 | |][D0 D2 nor D0 D1 | nand][dc][D4 D0 &],1.0,0.7379679144385026,0.7379679144385026,1,87.66972934015001,99981,99361,0.5,0.0017405501043812996,138,187,True
[dc][dc][D2 D4 | D3 |][D0 ~ D5 |][dc][D1 D0 D1 & &],1.0,1.0,1.0,1,105.6239632858055,99986,99376,0.5,0.0020970043104499535,73,73,True
[dc][D4 D0 | D1 D3 nand nand][D3 D1 &][D3 D5 D0 nor |][D1 D5 nor ~][dc],1.0,0.7336956521739131,0.7336956521739131,1,95.7498467549383,99997,99376,0.6666666666666666,0.001900968635561618,135,184,True
[dc][dc][D3 D1 & D4 D4 nor |][D4 D2 nand][dc][D2 ~ D3 |],1.0,0.5748031496062992,0.5748031496062992,1,83.25496138304545,99999,99385,0.5,0.0016529015524079738,146,254,True
[D3 ~ ~][D4 D0 | D1 D3 nand nand][dc][dc][dc][dc],1.0,0.7647058823529411,0.7647058823529411,1,93.73876611883516,99999,99387,0.3333333333333333,0.0018610416660427844,156,204,True
[D4 D3 nand][D3 D1 D5 | |][D5 D0 D0 nand nor][dc][dc][D1 D5 & D0 |],0.0,1.0,1.0,1,91.87615845896059,99992,99431,0.6666666666666666,0.001824062403289074,66,66,True
[dc][dc][D3 D1 &][dc][D0 D3 & D3 nand][D5 D1 |],1.0,1.0,1.0,1,85.6717989692796,99997,99436,0.5,0.0017008842135232054,77,77,True
[dc][dc][D2 ~ D0 |][dc][D4 D0 nand][dc],0.0,0.6935483870967742,0.6935483870967742,1,71.17313277501204,99992,99449,0.3333333333333333,0.0014130350876303882,172,248,True
[dc][D4 D1 nand][D5 D0 D0 nand nor][D2 D5 nand][dc][dc],0.0,0.5555555555555556,0.5555555555555556,1,70.6601943366737,99992,99486,0.5,0.0014028514694179148,50,90,True
[D4 ~ D3 &][dc][D3 D1 &][D0 D2 D1 nand nor][D1 D5 nor ~][dc],0.0,0.0,0.0,1,90.84265118546656,99487,99487,0.6666666666666666,0.16668402416246847,0,20,True
[D3 D2 &][D4 D0 | D1 D3 nand nand][D0 D1 | ~][D0 D0 nor][dc][dc],1.0,1.0,1.0,1,89.7773936301572,99999,99489,0.6666666666666666,0.001782394596517683,20,20,True
[dc][dc][dc][dc][dc][D4 D0 &],1.0,0.7397260273972602,0.7397260273972602,1,87.66972934014991,99981,99496,0.16666666666666666,0.0017405501043812977,108,146,True
[dc][dc][D2 D0 D1 | nor][dc][dc][D1 D1 nand],0.0,1.0,1.0,3,92.83453424755513,99959,99519,0.3333333333333333,0.00552926852258815,46,46,True
[dc][D2 D0 nand][dc][dc][D4 D0 nand][dc],0.0,0.49814126394052044,0.49814126394052044,1,79.0133524187797,99992,99543,0.3333333333333333,0.0015686908107863916,134,269,True
[D3 D2 &][dc][D4 D5 nand][dc][D4 D0 nand D4 D0 & |][D4 D4 D5 nor nand],1.0,0.7058823529411765,0.7058823529411765,1,82.01778222395032,99999,99562,0.6666666666666666,0.001628339228208859,60,85,True
[D1 D2 | ~][D2 D4 nand][dc][dc][D3 D0 D3 & nor][dc],0.0,0.64,0.64,1,84.24974087598946,99927,99570,0.5,0.0016726513972325442,32,50,True
[dc][dc][D2 ~ D0 |][D4 ~ D0 &][dc][dc],0.0,0.7352941176470589,0.7352941176470589,1,70.11250012774191,99992,99576,0.3333333333333333,0.0013919778278577066,75,102,True
[D2 D5 nor D4 |][D0 D1 nor ~][D5 D0 D5 nor nor][D1 D3 &][D1 D1 | D4 ~ |][dc],0.0,1.0,1.0,1,90.10819713079886,99992,99584,0.8333333333333334,0.0017889622005459508,24,24,True
[dc][D3 D1 D5 | |][D5 D0 D5 nor nor][dc][dc][D0 D3 nor D1 |],0.0,1.0,1.0,1,90.64777654504675,99992,99584,0.5,0.0017996747351101594,56,56,True
[dc][dc][D5 D4 D3 | &][D1 D5 ~ nand][dc][D4 D0 &],1.0,1.0,1.0,1,100.65900046450918,99981,99598,0.5,0.0019984324701819473,54,54,True
[dc][dc][D3 D5 nand D2 D4 | |][D1 D5 ~ nand][D2 D3 nand D1 ~ &][D4 D0 &],1.0,1.0,1.0,1,70.00011286017723,99955,99598,0.6666666666666666,0.0013897465483526466,39,39,True
[D3 D1 nand][dc][dc][dc][D0 ~][dc],1.0,0.35658914728682173,0.35658914728682173,1,76.39114865643465,99999,99612,0.3333333333333333,0.00151663091432486,46,129,True
[dc][dc][D3 D1 &][D5 D1 ~ |][dc][D1 D0 D1 & &],1.0,1.0,1.0,1,112.79649105233003,99986,99629,0.5,0.002239404019524733,30,30,True
[D1 D3 & D3 nand][D4 D1 |][D5 D0 D5 nor nor][dc][D1 D1 | D4 ~ |][D0 D3 nor D1 |],0.0,1.0,1.0,1,87.12579621621333,99966,99633,0.8333333333333334,0.001729751133484844,21,21,True
[dc][dc][dc][D5 D1 ~ |][D0 D5 D0 nand |][D4 D0 &],1.0,1.0,1.0,3,86.64235823199448,99981,99649,0.5,0.005160459606739396,75,75,True
[D3 D4 nand][dc][D1 D2 & D1 |][dc][dc][D1 D5 |],0.0,0.5514705882352942,0.5514705882352942,1,78.23532892477871,99992,99656,0.5,0.0015532443290430704,75,136,True
[D0 D3 nor D2 nor][D4 D4 D4 & |][D5 D0 D0 nand nor][dc][D2 D2 & D5 nand][D1 D0 nand D5 nor],0.0,1.0,1.0,1,88.38339072,99966,99660,0.8333333333333334,0.0017547187735278795,12,12,True
[dc][dc][dc][D1 D5 ~ nand][D0 D5 D0 nand |][D4 D0 &],1.0,1.0,1.0,2,86.6423587958369,99981,99675,0.5,0.0034403064268814106,71,71,True
[dc][D4 D5 & D5 |][dc][D4 ~ D0 &][dc][dc],0.0,0.5531914893617021,0.5531914893617021,1,67.33659068718784,99982,99676,0.3333333333333333,0.001336866337234036,26,47,True
[D3 ~ ~][dc][D3 D1 &][D4 D2 nand][dc][D1 D0 D1 & &],1.0,0.5128205128205128,0.5128205128205128,1,104.49846592637348,99986,99680,0.6666666666666666,0.002074659259755892,20,39,True
[dc][D4 D1 nand D0 |][D5 D0 D0 nand nor][D2 D5 nand][D1 D1 | D4 ~ |][dc],0.0,1.0,1.0,1,82.1216484489082,99992,99686,0.6666666666666666,0.0016304013352788,55,55,True
[dc][dc][D5 D0 D0 nand nor][D2 D5 nand][dc][D1 D0 nand D5 nor],0.0,1.0,1.0,1,90.64755185905327,99992,99686,0.5,0.00179967027430901,42,42,True
[dc][D4 D0 | D1 D3 nand nand][D3 D1 &][dc][D2 D0 nand][dc],1.0,0.8181818181818182,0.8181818181818182,1,95.21590788627643,99997,99691,0.5,0.001890368085513415,54,66,True
[D3 D2 &][D4 D0 | D1 D3 nand nand][dc][D0 ~ D5 |][dc][dc],1.0,1.0,1.0,1,93.63415022455743,99999,99693,0.5,0.0018589646754204165,42,42,True
[D1 D2 | ~][dc][D2 D0 D1 | nor][D3 D3 nor D5 D1 nor |][D4 D0 nand][dc],0.0,1.0,1.0,1,94.12344655260281,99959,99696,0.6666666666666666,0.0018686789152300145,23,23,True
[D3 ~][D2 D0 nand][D2 D0 D1 | nor][dc][D3 D4 & D1 nand][D1 D5 nand],0.0,1.0,1.0,1,96.3822338326528,99927,99696,0.8333333333333334,0.0019135237261545721,17,17,True
[D0 D3 nor][dc][dc][dc][D5 D1 nand D2 ~ nand][D1 D5 |],0.0,0.6571428571428571,0.6571428571428571,1,61.931512827988286,99962,99707,0.5,0.001229556677413855,23,35,True
[dc][D1 D2 | D3 D5 | |][D5 D0 D0 nand nor][dc][dc][D0 D3 nor D1 |],0.0,1.0,1.0,2,90.64734536510873,99992,99737,0.5,0.003599332349367049,35,35,True
[dc][dc][D5 D5 nand D5 |][D0 ~ D5 |][dc][dc],1.0,0.609375,0.609375,1,81.23040948571482,99999,99742,0.3333333333333333,0.0016127071313375941,117,192,True
[D1 D2 | ~][dc][D2 ~ D0 |][dc][dc][dc],0.0,0.6470588235294118,0.6470588235294118,1,83.12739377142951,99982,99778,0.3333333333333333,0.001650368890092429,33,51,True
[D0 ~ D0 D4 | |][dc][D0 D1 nand ~][D5 D1 ~ |][dc][D1 D0 D1 & &],1.0,1.0,1.0,1,89.86656639713755,99986,99781,0.6666666666666666,0.0017841649871649884,32,32,True
[dc][dc][D3 D1 &][D1 D3 nor ~][dc][D1 D0 D1 & &],1.0,0.5,0.5,1,103.3452694283237,99986,99784,0.5,0.002051764284487234,17,34,True
[D0 D2 |][dc][dc][D0 ~ D5 |][dc][dc],1.0,0.7168141592920354,0.7168141592920354,1,81.52811465953062,99999,99784,0.3333333333333333,0.001618617618061575,81,113,True
[D1 ~ D3 nand][D1 D2 | D3 D5 | |][D5 D0 D0 nand nor][dc][dc][D0 D3 nor D1 |],0.0,1.0,1.0,1,90.6611548038536,99992,99786,0.6666666666666666,0.0017999403402390673,29,29,True
[dc][dc][D2 D0 D1 | nor][dc][D4 D0 nand][D3 D3 nand D3 nand],0.0,1.0,1.0,1,92.81920342245377,99959,99798,0.5,0.0018427851371448588,19,19,True
[D4 D3 nand][dc][D5 D0 D5 nor nor][dc][dc][D0 D3 nor D1 |],0.0,1.0,1.0,2,93.20178772705279,99992,99813,0.5,0.003700761541704741,18,18,True
[D0 D3 nor D2 nor][D4 D4 D4 nand nand][D5 D0 D0 nand nor][dc][dc][D0 D3 nor D1 |],0.0,1.0,1.0,1,95.56620799999999,99992,99813,0.6666666666666666,0.0018973227653566788,10,10,True
[D3 D2 &][dc][D0 D1 | ~][D5 D4 |][D4 D0 nand D4 D0 & |][D2 D0 nand],1.0,1.0,1.0,1,76.4490112,99919,99817,0.8333333333333334,0.001517779687761261,11,11,True
[D2 D0 | D1 ~ &][dc][D0 D1 | ~][D5 D4 |][D4 D0 nand D4 D0 & |][D4 D4 D5 nor nand],1.0,1.0,1.0,1,74.7705370370048,99969,99817,0.8333333333333334,0.0014844561175667232,17,17,True
[D1 D2 | ~][dc][D5 D2 D1 | nand][D4 ~ D0 &][dc][D1 D5 nand],0.0,1.0,1.0,1,80.51264,99982,99829,0.6666666666666666,0.001598456901951857,9,9,True
[D1 ~][dc][D2 ~ D0 |][dc][D4 D0 nand][dc],0.0,1.0,1.0,1,72.55100187254675,99982,99829,0.5,0.001440390598130858,37,37,True
[D3 ~ ~][dc][D2 D4 | D3 |][D0 ~ D5 |][dc][dc],1.0,0.8,0.8,1,89.83344091984888,99999,99833,0.5,0.0017835073308292563,56,70,True
[D3 ~ ~][D4 D0 | D1 D3 nand nand][D3 D1 &][dc][dc][D3 D5 &],1.0,1.0,1.0,2,100.29484967205042,99997,99833,0.6666666666666666,0.003982405612050801,28,28,True
[dc][dc][D5 D0 D0 nand nor][D2 D5 nand][D1 D1 | D4 ~ |][dc],0.0,1.0,1.0,1,82.09721650152298,99992,99839,0.5,0.0016299162758530248,28,28,True
[D3 D2 &][dc][D1 D1 D0 nand |][D0 D0 nor][dc][dc],1.0,1.0,1.0,1,84.86146992928248,99999,99844,0.5,0.001684796353941959,22,22,True
[D3 D2 &][D4 ~][dc][D0 ~ D5 |][dc][dc],1.0,0.8333333333333334,0.8333333333333334,1,85.98050412560384,99999,99846,0.5,0.0017070130882911251,15,18,True
[dc][dc][dc][D0 D2 nand D0 |][D4 D0 nand][D1 D5 nand],1.0,0.3333333333333333,0.3333333333333333,1,74.8094220634334,99999,99857,0.5,0.0014852281210543418,25,75,True
[dc][dc][dc][D2 D2 nand D1 nor][dc][dc],1.0,0.71875,0.71875,1,66.03811651432324,99999,99867,0.16666666666666666,0.0013110870930852705,23,32,True
[D2 D0 | D1 ~ &][dc][D0 D1 | ~][D4 D3 | D3 nand][dc][dc],1.0,1.0,1.0,1,73.5,99969,99867,0.5,0.0014592315230684458,4,4,True
[D1 ~][dc][dc][dc][dc][D1 D5 nand],0.0,0.4642857142857143,0.4642857142857143,1,73.03289556328025,99982,99880,0.3333333333333333,0.0014499578697537985,26,56,True
[D4 D3 nand][dc][dc][D2 D5 nand][D1 D1 | D4 ~ |][dc],0.0,0.6521739130434783,0.6521739130434783,1,73.93225138716451,99992,99888,0.5,0.001467813221708453,30,46,True
[dc][D4 D1 nand D0 |][D5 D0 D0 nand nor][dc][D1 D1 | D4 ~ |][D0 D3 nor D1 |],0.0,1.0,1.0,1,90.87148716032,99992,99888,0.6666666666666666,0.0018041161715979385,15,15,True
[dc][D4 D0 | D1 D3 nand nand][D3 D1 &][dc][dc][D3 D5 &],1.0,1.0,1.0,1,100.427866509312,99997,99895,0.5,0.001993843654488407,16,16,True
[D3 ~ D4 D4 & nand][dc][D3 D1 &][dc][D4 D3 & D3 D3 nand nand][D5 D1 |],1.0,0.7333333333333333,0.7333333333333333,1,95.75990152345334,99997,99895,0.6666666666666666,0.0019011682578088873,22,30,True
[D4 D4 nand][dc][D1 D2 & D1 |][dc][D5 D1 nand D2 ~ nand][D1 D5 |],1.0,0.6470588235294118,0.6470588235294118,1,76.8873095880704,99997,99911,0.6666666666666666,0.0015264814404739467,11,17,True
[dc][dc][D5 D0 D0 nand nor][D2 D5 nand][D1 D1 | D4 ~ |][D0 D3 nor D1 |],0.0,1.0,1.0,1,90.631552,99992,99915,0.6666666666666666,0.001799352621265538,10,10,True
[D5 D1 D5 nand nand][D3 D1 D5 | |][D5 D0 D5 nor nor][D2 D5 nand][dc][D1 D0 nand D5 nor],0.0,1.0,1.0,1,90.631552,99992,99915,0.8333333333333334,0.001799352621265538,10,10,True
[D1 D2 | ~][dc][D5 D2 D1 | nand][dc][dc][D1 D5 nand],0.0,0.6,0.6,1,82.9315863552,99982,99931,0.5,0.0016464814294908957,9,15,True
[D1 D2 |][D4 D0 | D1 D3 nand nand][D3 D1 &][dc][dc][dc],1.0,0.75,0.75,1,95.98284839602749,99997,99935,0.5,0.0019055945313385433,15,20,True
[dc][dc][D3 D1 &][D0 ~ D5 |][dc][D3 D5 &],1.0,1.0,1.0,1,100.76455168,99997,99935,0.5,0.002000528030194769,12,12,True
[D1 D5 nand D4 D5 & nand][D2 D4 nand][D2 D0 D1 | nor][dc][D4 D0 nand][D3 ~ D0 nand],0.0,1.0,1.0,1,97.0,99959,99959,0.8333333333333334,0.001925788540648153,2,2,False
[D0 D3 nor][D1 D0 |][dc][D3 D3 ~ |][dc][dc],1.0,0.0,0.0,1,53.8,99962,99962,0.5,0.0010681177679058827,0,5,False
[dc][D3 D1 D5 | |][D5 D0 D5 nor nor][D2 D5 nand][D1 D1 | D4 ~ |][dc],0.0,1.0,1.0,1,91.0,99992,99966,0.6666666666666666,0.0018066675999895043,3,3,False
[dc][dc][D1 D1 D4 nand |][D2 D2 nand D1 nor][dc][dc],1.0,0.625,0.625,1,66.6176,99999,99969,0.3333333333333333,0.001322591862736932,5,8,False
[D0 ~ D0 D4 | |][D5 ~ ~][D5 D4 D3 | &][D5 D1 ~ |][dc][D1 D0 D1 & &],1.0,1.0,1.0,1,101.0,99986,99981,0.8333333333333334,0.002005202501087252,4,4,False
[dc][dc][D1 D4 D4 | |][D5 D1 ~ |][D0 D5 D0 nand |][D4 D0 &],1.0,1.0,1.0,1,85.2,99981,99981,0.6666666666666666,0.0016915173573528108,5,5,False
[D1 D2 | ~][dc][dc][dc][dc][dc],0.0,0.3333333333333333,0.3333333333333333,1,79.33333333333333,99982,99982,0.16666666666666666,0.0015750435487087986,1,3,False
[dc][D4 D1 nand D0 |][D5 D0 D0 nand nor][D5 ~][dc][D0 D3 nor D1 |],0.0,0.1,1.0,1,90.64778905691148,99992,99992,0.6666666666666666,0.001799674983514342,0,0,False
[D0 D4 |][D3 D1 D5 | |][D5 D0 D5 nor nor][D1 D3 &][dc][D0 D3 nor D1 |],0.0,0.1,1.0,1,92.24119081016393,99992,99992,0.8333333333333334,0.0018313095694634373,0,0,False
